<?xml version="1.0" encoding="UTF-8"?>
<project-private xmlns="http://www.netbeans.org/ns/project-private/1">
    <editor-bookmarks xmlns="http://www.netbeans.org/ns/editor-bookmarks/2" lastBookmarkId="0"/>
    <open-files xmlns="http://www.netbeans.org/ns/projectui-open-files/2">
        <group>
            <file>file:/C:/Users/TITIA/Documents/NetBeansProjects/gameaps/src/telas/fasefive.java</file>
            <file>file:/C:/Users/TITIA/Documents/NetBeansProjects/gameaps/src/telas/faseone.java</file>
            <file>file:/C:/Users/TITIA/Documents/NetBeansProjects/gameaps/src/telas/congratulations.java</file>
            <file>file:/C:/Users/TITIA/Documents/NetBeansProjects/gameaps/src/telas/Faseeight.java</file>
            <file>file:/C:/Users/TITIA/Documents/NetBeansProjects/gameaps/src/telas/fasefour.java</file>
            <file>file:/C:/Users/TITIA/Documents/NetBeansProjects/gameaps/src/telas/Instruçoes.java</file>
            <file>file:/C:/Users/TITIA/Documents/NetBeansProjects/gameaps/src/telas/faseseven.java</file>
            <file>file:/C:/Users/TITIA/Documents/NetBeansProjects/gameaps/src/telas/telainicial.java</file>
            <file>file:/C:/Users/TITIA/Documents/NetBeansProjects/gameaps/src/telas/fasetwo.java</file>
            <file>file:/C:/Users/TITIA/Documents/NetBeansProjects/gameaps/src/telas/fasesix.java</file>
            <file>file:/C:/Users/TITIA/Documents/NetBeansProjects/gameaps/src/telas/fasethree.java</file>
        </group>
    </open-files>
</project-private>
